URL раздела,Сопутствующие
http://molotoc.by/catalog/i2101-mezhkomnatnye-dveri/,"http://molotoc.by/catalog/zms1982-laminat/;
http://molotoc.by/catalog/zms2308-linoleum/"
http://molotoc.by/catalog/zms1432-ventilyatory/,"http://molotoc.by/catalog/zms1720-osushiteli-vozduha/;
http://molotoc.by/catalog/zms1485-vozduhoochistiteli-i-uvlazhniteli/"
http://molotoc.by/catalog/zms1442-obogrevateli-i-teplovye-zavesy/,"http://molotoc.by/catalog/zms1432-ventilyatory/;
http://molotoc.by/catalog/zms1442-obogrevateli-i-teplovye-zavesy/;
http://molotoc.by/catalog/zms1483-kondicionery/;
http://molotoc.by/catalog/zms1485-vozduhoochistiteli-i-uvlazhniteli/;
http://molotoc.by/catalog/zms1720-osushiteli-vozduha/"
http://molotoc.by/catalog/zms1483-kondicionery/,"http://molotoc.by/catalog/zms1432-ventilyatory/;
http://molotoc.by/catalog/zms1442-obogrevateli-i-teplovye-zavesy/;
http://molotoc.by/catalog/zms1485-vozduhoochistiteli-i-uvlazhniteli/;
http://molotoc.by/catalog/zms1720-osushiteli-vozduha/;
http://molotoc.by/catalog/zms1442-obogrevateli-i-teplovye-zavesy/;"
http://molotoc.by/catalog/zms1485-vozduhoochistiteli-i-uvlazhniteli/,"http://molotoc.by/catalog/zms1720-osushiteli-vozduha/;
http://molotoc.by/catalog/zms1432-ventilyatory/"
http://molotoc.by/catalog/zms1489-vodonagrevateli/,http://molotoc.by/catalog/zms1383-filtry-i-stabilizatory/
http://molotoc.by/catalog/zms1575-nabory-instrumentov/,"http://molotoc.by/catalog/zms2355-passatizhi-i-ploskogubcy/;
http://molotoc.by/catalog/zms2336-kluchi/;
http://molotoc.by/catalog/zms2353-otvertki/"
http://molotoc.by/catalog/zms1579-elektrootvertki-i-shurupoverty/,"http://molotoc.by/catalog/zms2169-bity/;
http://molotoc.by/catalog/zms1992-akkumulyatory-dlya-instrumenta/"
http://molotoc.by/catalog/zms1581-elektrodreli-i-dreli-shurupoverty/,"http://molotoc.by/catalog/zms2169-bity/;
http://molotoc.by/catalog/zms1992-akkumulyatory-dlya-instrumenta/;
http://molotoc.by/catalog/zms2074-sverla/"
http://molotoc.by/catalog/zms1582-perforatory/,"http://molotoc.by/catalog/zms2074-sverla/;
http://molotoc.by/catalog/zms2327-prinadlezhnosti-dlya-perforatorov-i-otboinyh-molotkov/;
http://molotoc.by/catalog/zms1992-akkumulyatory-dlya-instrumenta/"
http://molotoc.by/catalog/zms1583-otboinye-molotki/,"http://molotoc.by/catalog/zms2327-prinadlezhnosti-dlya-perforatorov-i-otboinyh-molotkov/;
http://molotoc.by/catalog/zms1992-akkumulyatory-dlya-instrumenta/"
http://molotoc.by/catalog/zms1587-lobziki/,"http://molotoc.by/catalog/zms2184-pilki-dlya-lobzikov/;
http://molotoc.by/catalog/zms1992-akkumulyatory-dlya-instrumenta/"
http://molotoc.by/catalog/zms1588-shlifovalnye-mashiny/,"http://molotoc.by/catalog/zms2170-shlifovalnaya-bumaga/;
http://molotoc.by/catalog/zms1992-akkumulyatory-dlya-instrumenta/"
http://molotoc.by/catalog/zms1589-elektrorubanki/,http://molotoc.by/catalog/zms1992-akkumulyatory-dlya-instrumenta/
http://molotoc.by/catalog/zms1606-kraski/,http://molotoc.by/catalog/zms3032-kisti-malyarnye/
http://molotoc.by/catalog/zms1611-vanny/,"http://molotoc.by/catalog/zms1873-dushevye-shtorki/;
http://molotoc.by/catalog/zms2543-ekrany-dlya-vann/;
http://molotoc.by/catalog/zms1613-umyvalniki/;
http://molotoc.by/catalog/zms1814-dushevye-sistemy-paneli-i-garnitury-/;
http://molotoc.by/catalog/zms1615-smesiteli/"
http://molotoc.by/catalog/zms1613-umyvalniki/,"http://molotoc.by/catalog/zms1814-dushevye-sistemy-paneli-i-garnitury-/;
http://molotoc.by/catalog/zms1611-vanny/;
http://molotoc.by/catalog/zms1615-smesiteli/;
http://molotoc.by/catalog/zms2039-pedestaly-dlya-rakoviny/"
http://molotoc.by/catalog/zms1614-dushevye-kabiny/,"http://molotoc.by/catalog/zms1814-dushevye-sistemy-paneli-i-garnitury-/;
http://molotoc.by/catalog/zms2871-dushevye-poddony/"
http://molotoc.by/catalog/zms1615-smesiteli/,"http://molotoc.by/catalog/zms1814-dushevye-sistemy-paneli-i-garnitury-/;
http://molotoc.by/catalog/zms1616-polotencesushiteli/;
http://molotoc.by/catalog/zms1613-umyvalniki/"
http://molotoc.by/catalog/zms1616-polotencesushiteli/,"http://molotoc.by/catalog/zms1814-dushevye-sistemy-paneli-i-garnitury-/;
http://molotoc.by/catalog/zms1615-smesiteli/"
http://molotoc.by/catalog/zms1706-moiki-vysokogo-davleniya/,"http://molotoc.by/catalog/zms2172-poliv-i-oroshenie/;
http://molotoc.by/catalog/zms2309-kliningovoe-oborudovanie-i-uborochnaya-tehnika/"
http://molotoc.by/catalog/zms1708-nasosy-bytovye/,"http://molotoc.by/catalog/zms2172-poliv-i-oroshenie/;
http://molotoc.by/catalog/zms1706-moiki-vysokogo-davleniya/"
http://molotoc.by/catalog/zms1711-paroochistiteli-i-otparivateli/,http://molotoc.by/catalog/zms2309-kliningovoe-oborudovanie-i-uborochnaya-tehnika/
http://molotoc.by/catalog/zms1720-osushiteli-vozduha/,"http://molotoc.by/catalog/zms1432-ventilyatory/;
http://molotoc.by/catalog/zms1442-obogrevateli-i-teplovye-zavesy/;
http://molotoc.by/catalog/zms1483-kondicionery/;
http://molotoc.by/catalog/zms1485-vozduhoochistiteli-i-uvlazhniteli/"
http://molotoc.by/catalog/zms1768-lustry-i-svetilniki/,http://molotoc.by/catalog/zms2113-lampochki/
http://molotoc.by/catalog/zms1783-gazonokosilki/,http://molotoc.by/catalog/zms2291-nozhi-dlya-trimmerov-i-gazonokosilok/
http://molotoc.by/catalog/zms1787-kultivatory-i-motobloki/,http://molotoc.by/catalog/zms2321-prinadlezhnosti-dlya-kultivatorov-i-motoblokov/
http://molotoc.by/catalog/zms1789-svarochnoe-oborudovanie/,http://molotoc.by/catalog/zms2066-svarochnye-maski/
http://molotoc.by/catalog/zms1793-zatochnye-stanki-tochila-/,http://molotoc.by/catalog/zms2372-sredstva-individualnoi-zashity/
http://molotoc.by/catalog/zms1795-niveliry/,"http://molotoc.by/catalog/zms1919-reiki-i-vehi-nivelirnye/;
http://molotoc.by/catalog/zms1987-shtangi-shtativy-trenogi-dlya-urovnei-i-dalnomerov/"
http://molotoc.by/catalog/zms1797-plitka-dlya-vannoi/,"http://molotoc.by/catalog/zms2448-gruntovki/;
http://molotoc.by/catalog/zms2095-kleevye-smesi/;
http://molotoc.by/catalog/zms1799-plitka-dlya-pola/"
http://molotoc.by/catalog/zms1798-plitka-dlya-kuhni/,"http://molotoc.by/catalog/zms2448-gruntovki/;
http://molotoc.by/catalog/zms2095-kleevye-smesi/;
http://molotoc.by/catalog/zms1799-plitka-dlya-pola/"
http://molotoc.by/catalog/zms1799-plitka-dlya-pola/,"http://molotoc.by/catalog/zms2096-smesi-dlya-polov/;
http://molotoc.by/catalog/zms2095-kleevye-smesi/;
http://molotoc.by/catalog/zms1797-plitka-dlya-vannoi/;
http://molotoc.by/catalog/zms1798-plitka-dlya-kuhni/"
http://molotoc.by/catalog/zms1814-dushevye-sistemy-paneli-i-garnitury-/,"http://molotoc.by/catalog/zms1615-smesiteli/;
http://molotoc.by/catalog/zms1616-polotencesushiteli/"
http://molotoc.by/catalog/zms1822-zaryadnye-ustroistva-dlya-akkumulyatorov/,"http://molotoc.by/catalog/zms1981-universalnye-vneshnie-akkumulyatory-portativnye-zaryadnye-ustroistva-/;
http://molotoc.by/catalog/zms1992-akkumulyatory-dlya-instrumenta/"
http://molotoc.by/catalog/zms1824-kustorezy-i-vysotorezy/,"http://molotoc.by/catalog/zms1920-lestnicy/;
http://molotoc.by/catalog/zms2255-nozhi-i-sadovye-nozhnicy/;
http://molotoc.by/catalog/zms2200-grabli/;
http://molotoc.by/catalog/zms2318-nasadki-na-trimmery-kustorezy-kultivatory/"
http://molotoc.by/catalog/zms1825-sadovye-izmelchiteli/,"http://molotoc.by/catalog/zms1824-kustorezy-i-vysotorezy/;
http://molotoc.by/catalog/i2293-korneudaliteli/;
http://molotoc.by/catalog/zms2200-grabli/;
http://molotoc.by/catalog/zms2205-topory/"
http://molotoc.by/catalog/zms1866-unitazy/,"http://molotoc.by/catalog/zms2037-bide/;
http://molotoc.by/catalog/zms2951-klavishi-i-sistemy-smyva/;
http://molotoc.by/catalog/zms2527-sistemy-installyacii/;
http://molotoc.by/catalog/zms2038-kryshki-dlya-unitazov/;
http://molotoc.by/catalog/zms2666-sidenya-s-kryshkami/;
http://molotoc.by/catalog/zms2036-pissuary/"
http://molotoc.by/catalog/zms1868-uglomery-i-uklonomery/,http://molotoc.by/catalog/zms1602-ruletki-i-mernye-lenty/
http://molotoc.by/catalog/zms1869-dalnomery/,"http://molotoc.by/catalog/zms1602-ruletki-i-mernye-lenty/;
http://molotoc.by/catalog/zms1987-shtangi-shtativy-trenogi-dlya-urovnei-i-dalnomerov/;
http://molotoc.by/catalog/zms1989-priemniki-lucha-otrazhateli-i-misheni-dlya-urovnei-i-dalnomerov/;"
http://molotoc.by/catalog/zms1870-detektory-metalla-provodki-/,http://molotoc.by/catalog/zms2389-detektory-dlya-poiska-skrytyh-kommunikacii/
http://molotoc.by/catalog/zms1871-mebel-dlya-vannoi/,"http://molotoc.by/catalog/zms1873-dushevye-shtorki/;
http://molotoc.by/catalog/zms2543-ekrany-dlya-vann/;
http://molotoc.by/catalog/zms1613-umyvalniki/"
http://molotoc.by/catalog/zms1873-dushevye-shtorki/,"http://molotoc.by/catalog/zms2543-ekrany-dlya-vann/;
http://molotoc.by/catalog/zms1613-umyvalniki/;
http://molotoc.by/catalog/zms1871-mebel-dlya-vannoi/;
http://molotoc.by/catalog/zms1611-vanny/"
http://molotoc.by/catalog/zms1874-zerkala-dlya-vannoi/,"http://molotoc.by/catalog/zms1613-umyvalniki/;
http://molotoc.by/catalog/zms1875-shkafy-dlya-vannoi/"
http://molotoc.by/catalog/zms1875-shkafy-dlya-vannoi/,"http://molotoc.by/catalog/zms1613-umyvalniki/;
http://molotoc.by/catalog/zms1874-zerkala-dlya-vannoi/"
http://molotoc.by/catalog/zms1878-pnevmogaikoverty/,http://molotoc.by/catalog/i1880-nabory-pnevmoinstrumenta/
http://molotoc.by/catalog/zms1919-reiki-i-vehi-nivelirnye/,http://molotoc.by/catalog/zms1795-niveliry/
http://molotoc.by/catalog/zms1920-lestnicy/,http://molotoc.by/catalog/zms1579-elektrootvertki-i-shurupoverty/
http://molotoc.by/catalog/zms1979-trimmery/,"http://molotoc.by/catalog/zms2372-sredstva-individualnoi-zashity/;
http://molotoc.by/catalog/zms2285-prinadlezhnosti-dlya-trimmerov-i-gazonokosilok/"
http://molotoc.by/catalog/zms1981-universalnye-vneshnie-akkumulyatory-portativnye-zaryadnye-ustroistva-/,http://molotoc.by/catalog/zms1992-akkumulyatory-dlya-instrumenta/
http://molotoc.by/catalog/zms1982-laminat/,"http://molotoc.by/catalog/dveri/;
http://molotoc.by/catalog/zms2096-smesi-dlya-polov/"
http://molotoc.by/catalog/zms1984-shtroborezy-borozdodely-/,http://molotoc.by/catalog/zms2185-otreznye-krugi-i-diski/
http://molotoc.by/catalog/zms1986-plitkorezy/,http://molotoc.by/catalog/zms2095-kleevye-smesi/
http://molotoc.by/catalog/zms1987-shtangi-shtativy-trenogi-dlya-urovnei-i-dalnomerov/,"http://molotoc.by/catalog/zms1869-dalnomery/
http://molotoc.by/catalog/zms1795-niveliry/"
http://molotoc.by/catalog/zms1989-priemniki-lucha-otrazhateli-i-misheni-dlya-urovnei-i-dalnomerov/,"http://molotoc.by/catalog/zms1869-dalnomery/
http://molotoc.by/catalog/zms1795-niveliry/"
http://molotoc.by/catalog/zms1991-akkumulyatornyi-instrument/,"http://molotoc.by/catalog/zms1992-akkumulyatory-dlya-instrumenta/;
http://molotoc.by/catalog/zms1822-zaryadnye-ustroistva-dlya-akkumulyatorov/;
http://molotoc.by/catalog/zms1981-universalnye-vneshnie-akkumulyatory-portativnye-zaryadnye-ustroistva-/"
http://molotoc.by/catalog/zms1992-akkumulyatory-dlya-instrumenta/,"http://molotoc.by/catalog/zms1822-zaryadnye-ustroistva-dlya-akkumulyatorov/;
http://molotoc.by/catalog/zms1981-universalnye-vneshnie-akkumulyatory-portativnye-zaryadnye-ustroistva-/"
http://molotoc.by/catalog/zms1995-verstaki/,"http://molotoc.by/catalog/zms1868-uglomery-i-uklonomery/;
http://molotoc.by/catalog/zms1602-ruletki-i-mernye-lenty/;
http://molotoc.by/catalog/zms2171-pilnye-diski/"
http://molotoc.by/catalog/zms2032-sadovye-opryskivateli-i-raspyliteli/,http://molotoc.by/catalog/zms2172-poliv-i-oroshenie/
http://molotoc.by/catalog/zms2035-fonari/,"http://molotoc.by/catalog/zms2049-zaryadnye-ustroistva-dlya-batareek/;
http://molotoc.by/catalog/zms1383-filtry-i-stabilizatory/"
http://molotoc.by/catalog/zms2036-pissuary/,"http://molotoc.by/catalog/zms2037-bide/;
http://molotoc.by/catalog/zms2951-klavishi-i-sistemy-smyva/;
http://molotoc.by/catalog/zms2527-sistemy-installyacii/;
http://molotoc.by/catalog/zms2038-kryshki-dlya-unitazov/;
http://molotoc.by/catalog/zms2666-sidenya-s-kryshkami/;
http://molotoc.by/catalog/zms1866-unitazy/"
http://molotoc.by/catalog/zms2037-bide/,"http://molotoc.by/catalog/zms2036-pissuary/;
http://molotoc.by/catalog/zms2951-klavishi-i-sistemy-smyva/;
http://molotoc.by/catalog/zms2527-sistemy-installyacii/;
http://molotoc.by/catalog/zms2038-kryshki-dlya-unitazov/;
http://molotoc.by/catalog/zms2666-sidenya-s-kryshkami/;
http://molotoc.by/catalog/zms1866-unitazy/"
http://molotoc.by/catalog/zms2038-kryshki-dlya-unitazov/,"http://molotoc.by/catalog/zms2951-klavishi-i-sistemy-smyva/;
http://molotoc.by/catalog/zms2666-sidenya-s-kryshkami/"
http://molotoc.by/catalog/zms2092-gipsokarton/,"http://molotoc.by/catalog/zms2448-gruntovki/;
http://molotoc.by/catalog/zms2095-kleevye-smesi/;
http://molotoc.by/catalog/zms2097-shpatlevka/"
http://molotoc.by/catalog/zms2095-kleevye-smesi/,"http://molotoc.by/catalog/zms2097-shpatlevka/;
http://molotoc.by/catalog/zms2448-gruntovki/;
http://molotoc.by/catalog/keramicheskaya_plitka/"
http://molotoc.by/catalog/zms2096-smesi-dlya-polov/,http://molotoc.by/catalog/zms1799-plitka-dlya-pola/
http://molotoc.by/catalog/zms2097-shpatlevka/,"http://molotoc.by/catalog/zms2448-gruntovki/;
http://molotoc.by/catalog/zms2098-shtukaturka/;
http://molotoc.by/catalog/zms2092-gipsokarton/"
http://molotoc.by/catalog/zms2098-shtukaturka/,"http://molotoc.by/catalog/zms2097-shpatlevka/;
http://molotoc.by/catalog/zms2448-gruntovki/"
http://molotoc.by/catalog/zms2113-lampochki/,http://molotoc.by/catalog/zms1768-lustry-i-svetilniki/
http://molotoc.by/catalog/zms2122-teploizolyaciya/,"http://molotoc.by/catalog/zms2458-gidroizolyaciya/;
http://molotoc.by/catalog/zms2095-kleevye-smesi/;
http://molotoc.by/catalog/zms2098-shtukaturka/"
http://molotoc.by/catalog/zms2123-elektricheskie-kraskoraspyliteli/,http://molotoc.by/catalog/zms685-lakokrasochnye-materialy/
http://molotoc.by/catalog/zms2130-cirkulyarnye-sabelnye-pily/,"http://molotoc.by/catalog/zms2171-pilnye-diski/;
http://molotoc.by/catalog/zms2381-pilnye-polotna-dlya-pil/"
http://molotoc.by/catalog/zms2135-uglovye-shlifmashiny-bolgarki-/,"http://molotoc.by/catalog/zms1992-akkumulyatory-dlya-instrumenta/;
http://molotoc.by/catalog/zms2185-otreznye-krugi-i-diski/"
http://molotoc.by/catalog/zms2199-vily/,"http://molotoc.by/catalog/zms2200-grabli/;
http://molotoc.by/catalog/zms2202-lopaty/;
http://molotoc.by/catalog/zms2203-nozhovki-po-derevu/;
http://molotoc.by/catalog/zms2205-topory/;
http://molotoc.by/catalog/zms2206-bury-sadovye/;
http://molotoc.by/catalog/zms2207-tyapki-i-motygi/;
http://molotoc.by/catalog/zms2255-nozhi-i-sadovye-nozhnicy/;
http://molotoc.by/catalog/zms2281-sovki-posadochnye/;
http://molotoc.by/catalog/zms2304-cherenki/"
http://molotoc.by/catalog/zms2200-grabli/,"http://molotoc.by/catalog/zms2202-lopaty/;
http://molotoc.by/catalog/zms2203-nozhovki-po-derevu/;
http://molotoc.by/catalog/zms2199-vily/;
http://molotoc.by/catalog/zms2205-topory/;
http://molotoc.by/catalog/zms2206-bury-sadovye/;
http://molotoc.by/catalog/zms2207-tyapki-i-motygi/;
http://molotoc.by/catalog/zms2255-nozhi-i-sadovye-nozhnicy/;
http://molotoc.by/catalog/zms2281-sovki-posadochnye/;
http://molotoc.by/catalog/zms2304-cherenki/"
http://molotoc.by/catalog/zms2202-lopaty/,"http://molotoc.by/catalog/zms2199-vily/;
http://molotoc.by/catalog/zms2200-grabli/;
http://molotoc.by/catalog/zms2203-nozhovki-po-derevu/;
http://molotoc.by/catalog/zms2205-topory/;
http://molotoc.by/catalog/zms2206-bury-sadovye/;
http://molotoc.by/catalog/zms2207-tyapki-i-motygi/;
http://molotoc.by/catalog/zms2255-nozhi-i-sadovye-nozhnicy/;
http://molotoc.by/catalog/zms2281-sovki-posadochnye/;
http://molotoc.by/catalog/zms2304-cherenki/"
http://molotoc.by/catalog/zms2203-nozhovki-po-derevu/,"http://molotoc.by/catalog/zms2199-vily/;
http://molotoc.by/catalog/zms2200-grabli/;
http://molotoc.by/catalog/zms2202-lopaty/;
http://molotoc.by/catalog/zms2205-topory/;
http://molotoc.by/catalog/zms2206-bury-sadovye/;
http://molotoc.by/catalog/zms2207-tyapki-i-motygi/;
http://molotoc.by/catalog/zms2255-nozhi-i-sadovye-nozhnicy/;
http://molotoc.by/catalog/zms2281-sovki-posadochnye/;
http://molotoc.by/catalog/zms2304-cherenki/"
http://molotoc.by/catalog/zms2205-topory/,"http://molotoc.by/catalog/zms2199-vily/;
http://molotoc.by/catalog/zms2200-grabli/;
http://molotoc.by/catalog/zms2202-lopaty/;
http://molotoc.by/catalog/zms2203-nozhovki-po-derevu/;
http://molotoc.by/catalog/zms2206-bury-sadovye/;
http://molotoc.by/catalog/zms2207-tyapki-i-motygi/;
http://molotoc.by/catalog/zms2255-nozhi-i-sadovye-nozhnicy/;
http://molotoc.by/catalog/zms2281-sovki-posadochnye/;
http://molotoc.by/catalog/zms2304-cherenki/"
http://molotoc.by/catalog/zms2206-bury-sadovye/,"http://molotoc.by/catalog/zms2199-vily/;
http://molotoc.by/catalog/zms2200-grabli/;
http://molotoc.by/catalog/zms2202-lopaty/;
http://molotoc.by/catalog/zms2203-nozhovki-po-derevu/;
http://molotoc.by/catalog/zms2205-topory/;
http://molotoc.by/catalog/zms2207-tyapki-i-motygi/;
http://molotoc.by/catalog/zms2255-nozhi-i-sadovye-nozhnicy/;
http://molotoc.by/catalog/zms2281-sovki-posadochnye/;
http://molotoc.by/catalog/zms2304-cherenki/"
http://molotoc.by/catalog/zms2207-tyapki-i-motygi/,"http://molotoc.by/catalog/zms2199-vily/;
http://molotoc.by/catalog/zms2200-grabli/;
http://molotoc.by/catalog/zms2202-lopaty/;
http://molotoc.by/catalog/zms2203-nozhovki-po-derevu/;
http://molotoc.by/catalog/zms2205-topory/;
http://molotoc.by/catalog/zms2206-bury-sadovye/;
http://molotoc.by/catalog/zms2255-nozhi-i-sadovye-nozhnicy/;
http://molotoc.by/catalog/zms2281-sovki-posadochnye/;
http://molotoc.by/catalog/zms2304-cherenki/"
http://molotoc.by/catalog/zms2255-nozhi-i-sadovye-nozhnicy/,"http://molotoc.by/catalog/zms2199-vily/;
http://molotoc.by/catalog/zms2200-grabli/;
http://molotoc.by/catalog/zms2202-lopaty/;
http://molotoc.by/catalog/zms2203-nozhovki-po-derevu/;
http://molotoc.by/catalog/zms2205-topory/;
http://molotoc.by/catalog/zms2206-bury-sadovye/;
http://molotoc.by/catalog/zms2207-tyapki-i-motygi/;
http://molotoc.by/catalog/zms2281-sovki-posadochnye/;
http://molotoc.by/catalog/zms2304-cherenki/"
http://molotoc.by/catalog/zms2276-shiny-dlya-pil/,"http://molotoc.by/catalog/zms2277-cepi-dlya-pil/;
http://molotoc.by/catalog/i2356-napilniki/"
http://molotoc.by/catalog/zms2277-cepi-dlya-pil/,"http://molotoc.by/catalog/zms2276-shiny-dlya-pil/;
http://molotoc.by/catalog/i2356-napilniki/"
http://molotoc.by/catalog/zms2281-sovki-posadochnye/,"http://molotoc.by/catalog/zms2200-grabli/;
http://molotoc.by/catalog/zms2202-lopaty/;
http://molotoc.by/catalog/zms2203-nozhovki-po-derevu/;
http://molotoc.by/catalog/zms2205-topory/;
http://molotoc.by/catalog/zms2199-vily/;
http://molotoc.by/catalog/zms2206-bury-sadovye/;
http://molotoc.by/catalog/zms2207-tyapki-i-motygi/;
http://molotoc.by/catalog/zms2255-nozhi-i-sadovye-nozhnicy/;
http://molotoc.by/catalog/zms2304-cherenki/"
http://molotoc.by/catalog/zms2286-golovki-dlya-trimmerov/,"http://molotoc.by/catalog/zms2287-leski/;
http://molotoc.by/catalog/zms2291-nozhi-dlya-trimmerov-i-gazonokosilok/"
http://molotoc.by/catalog/zms2287-leski/,"http://molotoc.by/catalog/zms2286-golovki-dlya-trimmerov/;
http://molotoc.by/catalog/zms2291-nozhi-dlya-trimmerov-i-gazonokosilok/"
http://molotoc.by/catalog/zms2291-nozhi-dlya-trimmerov-i-gazonokosilok/,"http://molotoc.by/catalog/zms2286-golovki-dlya-trimmerov/;
http://molotoc.by/catalog/zms2287-leski/"
http://molotoc.by/catalog/zms2304-cherenki/,"http://molotoc.by/catalog/zms2200-grabli/;
http://molotoc.by/catalog/zms2202-lopaty/;
http://molotoc.by/catalog/zms2199-vily/;
http://molotoc.by/catalog/zms2203-nozhovki-po-derevu/;
http://molotoc.by/catalog/zms2205-topory/;
http://molotoc.by/catalog/zms2206-bury-sadovye/;
http://molotoc.by/catalog/zms2207-tyapki-i-motygi/;
http://molotoc.by/catalog/zms2255-nozhi-i-sadovye-nozhnicy/;
http://molotoc.by/catalog/zms2281-sovki-posadochnye/"
http://molotoc.by/catalog/zms2305-yashiki-dlya-instrumentov/,"http://molotoc.by/catalog/zms2355-passatizhi-i-ploskogubcy/;
http://molotoc.by/catalog/zms2336-kluchi/;
http://molotoc.by/catalog/zms2353-otvertki/"
http://molotoc.by/catalog/zms2308-linoleum/,http://molotoc.by/catalog/zms2463-klei/
http://molotoc.by/catalog/zms2315-shetki-i-shvabry/,http://molotoc.by/catalog/zms2304-cherenki/
http://molotoc.by/catalog/zms2322-gruntozacepy/,"http://molotoc.by/catalog/zms2323-scepki/;
http://molotoc.by/catalog/zms2324-plugi/;
http://molotoc.by/catalog/zms2326-okuchniki/"
http://molotoc.by/catalog/zms2323-scepki/,"http://molotoc.by/catalog/zms2322-gruntozacepy/;
http://molotoc.by/catalog/zms2324-plugi/;
http://molotoc.by/catalog/zms2326-okuchniki/"
http://molotoc.by/catalog/zms2324-plugi/,"http://molotoc.by/catalog/zms2322-gruntozacepy/;
http://molotoc.by/catalog/zms2323-scepki/;
http://molotoc.by/catalog/zms2326-okuchniki/"
http://molotoc.by/catalog/zms2326-okuchniki/,"http://molotoc.by/catalog/zms2322-gruntozacepy/;
http://molotoc.by/catalog/zms2323-scepki/;
http://molotoc.by/catalog/zms2324-plugi/"
http://molotoc.by/catalog/zms2328-bury/,"http://molotoc.by/catalog/zms2409-burovye-koronki/;
http://molotoc.by/catalog/i2329-doloto/;
http://molotoc.by/catalog/zms2408-zubila/;
http://molotoc.by/catalog/zms2074-sverla/"
http://molotoc.by/catalog/zms2336-kluchi/,"http://molotoc.by/catalog/zms2353-otvertki/;
http://molotoc.by/catalog/zms2355-passatizhi-i-ploskogubcy/;
http://molotoc.by/catalog/i2356-napilniki/"
http://molotoc.by/catalog/zms2353-otvertki/,"http://molotoc.by/catalog/zms2336-kluchi/;
http://molotoc.by/catalog/zms2355-passatizhi-i-ploskogubcy/;
http://molotoc.by/catalog/i2356-napilniki/"
http://molotoc.by/catalog/zms2355-passatizhi-i-ploskogubcy/,"http://molotoc.by/catalog/zms2336-kluchi/;
http://molotoc.by/catalog/zms2353-otvertki/;
http://molotoc.by/catalog/i2356-napilniki/"
http://molotoc.by/catalog/zms2364-struinye-trubki/,"http://molotoc.by/catalog/zms2366-soediniteli-i-konnektory-dlya-shlangov/;
http://molotoc.by/catalog/i2365-shlangi-vysokogo-davleniya/"
http://molotoc.by/catalog/zms2366-soediniteli-i-konnektory-dlya-shlangov/,"http://molotoc.by/catalog/zms2364-struinye-trubki/;
http://molotoc.by/catalog/i2365-shlangi-vysokogo-davleniya/"
http://molotoc.by/catalog/zms2375-naushniki-zashitnye/,"http://molotoc.by/catalog/i2374-shetki-zashitnye-dlya-lica/;
http://molotoc.by/catalog/i2373-ochki-zashitnye/;
http://molotoc.by/catalog/i2377-maski-polumaski-respiratory/"
http://molotoc.by/catalog/zms2379-zatochnye-krugi/,"http://molotoc.by/catalog/zms2381-pilnye-polotna-dlya-pil/;
http://molotoc.by/catalog/zms2170-shlifovalnaya-bumaga/;
http://molotoc.by/catalog/zms2171-pilnye-diski/;
http://molotoc.by/catalog/zms2185-otreznye-krugi-i-diski/"
http://molotoc.by/catalog/zms2381-pilnye-polotna-dlya-pil/,"http://molotoc.by/catalog/zms2379-zatochnye-krugi/;
http://molotoc.by/catalog/zms2170-shlifovalnaya-bumaga/;
http://molotoc.by/catalog/zms2171-pilnye-diski/;
http://molotoc.by/catalog/zms2185-otreznye-krugi-i-diski/"
http://molotoc.by/catalog/zms2389-detektory-dlya-poiska-skrytyh-kommunikacii/,"http://molotoc.by/catalog/i2388-tokoizmeritelnye-cifrovye-kleshi/;
http://molotoc.by/catalog/i1601-multimetry/;
http://molotoc.by/catalog/zms1870-detektory-metalla-provodki-/"
http://molotoc.by/catalog/zms2394-kartofelekopalki/,"http://molotoc.by/catalog/zms2395-kosilki/;
http://molotoc.by/catalog/zms2465-navesnoe-oborudovanie-dlya-sadovoi-tehniki/;
http://molotoc.by/catalog/zms2326-okuchniki/;
http://molotoc.by/catalog/zms2324-plugi/;
http://molotoc.by/catalog/zms2323-scepki/;
http://molotoc.by/catalog/i2392-scepki-dlya-motoblokov-i-kultivatorov/"
http://molotoc.by/catalog/zms2395-kosilki/,"http://molotoc.by/catalog/zms2394-kartofelekopalki/;
http://molotoc.by/catalog/zms2465-navesnoe-oborudovanie-dlya-sadovoi-tehniki/;
http://molotoc.by/catalog/zms2326-okuchniki/;
http://molotoc.by/catalog/zms2324-plugi/;
http://molotoc.by/catalog/zms2323-scepki/;
http://molotoc.by/catalog/i2392-scepki-dlya-motoblokov-i-kultivatorov/"
http://molotoc.by/catalog/zms2408-zubila/,"http://molotoc.by/catalog/zms2409-burovye-koronki/;
http://molotoc.by/catalog/i2329-doloto/;
http://molotoc.by/catalog/zms2328-bury/;
http://molotoc.by/catalog/zms2074-sverla/"
http://molotoc.by/catalog/zms2409-burovye-koronki/,"http://molotoc.by/catalog/zms2408-zubila/;
http://molotoc.by/catalog/i2329-doloto/;
http://molotoc.by/catalog/zms2328-bury/;
http://molotoc.by/catalog/zms2074-sverla/"
http://molotoc.by/catalog/zms2448-gruntovki/,"http://molotoc.by/catalog/zms685-lakokrasochnye-materialy/;
http://molotoc.by/catalog/zms2097-shpatlevka/"
http://molotoc.by/catalog/zms2449-germetiki/,"http://molotoc.by/catalog/zms2458-gidroizolyaciya/;
http://molotoc.by/catalog/zms2463-klei/;
http://molotoc.by/catalog/zms2462-montazhnaya-pena/"
http://molotoc.by/catalog/zms2457-vytyazhnaya-ventilyaciya/,"http://molotoc.by/catalog/zms1432-ventilyatory/;
http://molotoc.by/catalog/zms1442-obogrevateli-i-teplovye-zavesy/;
http://molotoc.by/catalog/zms1483-kondicionery/;
http://molotoc.by/catalog/zms1485-vozduhoochistiteli-i-uvlazhniteli/;
http://molotoc.by/catalog/zms1720-osushiteli-vozduha/"
http://molotoc.by/catalog/zms2458-gidroizolyaciya/,"http://molotoc.by/catalog/zms2449-germetiki/;
http://molotoc.by/catalog/zms2463-klei/;
http://molotoc.by/catalog/zms2462-montazhnaya-pena/;
http://molotoc.by/catalog/zms2122-teploizolyaciya/"
http://molotoc.by/catalog/zms2462-montazhnaya-pena/,"http://molotoc.by/catalog/zms2449-germetiki/;
http://molotoc.by/catalog/zms2463-klei/;
http://molotoc.by/catalog/zms2458-gidroizolyaciya/;"
http://molotoc.by/catalog/zms2463-klei/,"http://molotoc.by/catalog/zms2449-germetiki/;
http://molotoc.by/catalog/zms2462-montazhnaya-pena/;
http://molotoc.by/catalog/zms2458-gidroizolyaciya/"
http://molotoc.by/catalog/zms2465-navesnoe-oborudovanie-dlya-sadovoi-tehniki/,"http://molotoc.by/catalog/zms2394-kartofelekopalki/;
http://molotoc.by/catalog/zms2395-kosilki/;
http://molotoc.by/catalog/zms2326-okuchniki/;
http://molotoc.by/catalog/zms2324-plugi/;
http://molotoc.by/catalog/zms2323-scepki/;
http://molotoc.by/catalog/i2392-scepki-dlya-motoblokov-i-kultivatorov/"
http://molotoc.by/catalog/zms2520-plitka/,http://molotoc.by/catalog/zms2095-kleevye-smesi/
http://molotoc.by/catalog/zms2527-sistemy-installyacii/,"http://molotoc.by/catalog/zms1866-unitazy/;
http://molotoc.by/catalog/zms2951-klavishi-i-sistemy-smyva/;
http://molotoc.by/catalog/zms2038-kryshki-dlya-unitazov/;
http://molotoc.by/catalog/zms2666-sidenya-s-kryshkami/"
http://molotoc.by/catalog/zms2543-ekrany-dlya-vann/,"http://molotoc.by/catalog/zms2039-pedestaly-dlya-rakoviny/;
http://molotoc.by/catalog/zms1814-dushevye-sistemy-paneli-i-garnitury-/;
http://molotoc.by/catalog/zms1615-smesiteli/"
http://molotoc.by/catalog/zms2666-sidenya-s-kryshkami/,"http://molotoc.by/catalog/zms2951-klavishi-i-sistemy-smyva/;
http://molotoc.by/catalog/zms2038-kryshki-dlya-unitazov/"
http://molotoc.by/catalog/zms2871-dushevye-poddony/,"http://molotoc.by/catalog/zms1814-dushevye-sistemy-paneli-i-garnitury-/;
http://molotoc.by/catalog/zms1615-smesiteli/;
http://molotoc.by/catalog/zms1873-dushevye-shtorki/"
http://molotoc.by/catalog/zms2951-klavishi-i-sistemy-smyva/,"http://molotoc.by/catalog/zms2666-sidenya-s-kryshkami/;
http://molotoc.by/catalog/zms2038-kryshki-dlya-unitazov/"